Row Labels,Sum of 2016
0,80
0,44
1,36
0.111111111,184
0,101
1,83
0.222222222,316
0,194
1,122
0.333333333,378
0,267
1,111
0.444444444,410
0,261
1,149
0.555555556,304
0,209
1,95
0.666666667,187
0,142
1,45
0.777777778,95
0,69
1,26
0.888888889,50
0,41
1,9
1,16
0,12
1,4
Grand Total,2020
